{"total_loss": 18148.350158691406, "train_loss": 750.0025634765625, "train_acc": 0.0, "epochs": 4, "_runtime": 62, "_timestamp": 1638457013, "_step": 253}