{"total_loss": 138.15909832715988, "train_loss": 0.8210437297821045, "train_acc": 2434.0, "epochs": 20, "_runtime": 405, "_timestamp": 1638459200, "_step": 1539, "_wandb": {"runtime": 407}}