{"total_loss": 7006.86909866333, "train_loss": 39.41048049926758, "train_acc": 420.0, "epochs": 4, "_runtime": 368, "_timestamp": 1638197438, "_step": 588}