{"total_loss": 936.61083984375, "train_loss": 936.61083984375, "train_acc": 0.0, "epochs": 2, "_runtime": 142, "_timestamp": 1638450094, "_step": 77}