{"total_loss": 420.0956962108612, "train_loss": 2.378194808959961, "train_acc": 2357.0, "epochs": 20, "_runtime": 464, "_timestamp": 1638498981, "_step": 1539, "_wandb": {"runtime": 467}}