{"total_loss": 426.60673612356186, "train_loss": 10.388185501098633, "train_acc": 2351.0, "epochs": 20, "_runtime": 465, "_timestamp": 1638498453, "_step": 1539, "_wandb": {"runtime": 466}}