{"total_loss": 28895.40121459961, "train_loss": 400.2898254394531, "train_acc": 0.0, "epochs": 40, "_runtime": 3325, "_timestamp": 1638453458, "_step": 3079, "_wandb": {"runtime": 3341}}