{"total_loss": 34.47523844242096, "train_loss": 1.0900603532791138, "train_acc": 2458.0, "epochs": 20, "_runtime": 1740, "_timestamp": 1638462795, "_step": 199, "_wandb": {"runtime": 1757}}