{"total_loss": 13.822752356529236, "train_loss": 1.6297471523284912, "train_acc": 1534.0, "epochs": 36, "_runtime": 640, "_timestamp": 1638458762, "_step": 355}