{"total_loss": 163.43799065053463, "train_loss": 0.5467138886451721, "train_acc": 2417.0, "epochs": 20, "_runtime": 405, "_timestamp": 1638459660, "_step": 1539, "_wandb": {"runtime": 406}}