{"total_loss": 50735.1455078125, "train_loss": 3129.9345703125, "train_acc": 0.0, "epochs": 20, "_runtime": 549, "_timestamp": 1638497095, "_step": 199, "_wandb": {"runtime": 553}}