{"total_loss": 101.96931564435363, "train_loss": 0.07737179100513458, "train_acc": 1250.0, "epochs": 11, "_runtime": 328, "_timestamp": 1638505990, "_step": 3239}